Generation,ID,Fitness,Lives lost,Money earned,Money spent,Waves Survived
0,0,2.7533333333333334,1,910,500,10
0,1,2.1666666666666665,11,810,230,10
0,2,1.9066666666666667,11,810,230,10
0,3,0,15,315,380,5
0,4,0,15,0,230,2
0,5,2.626666666666667,2,860,380,10
0,6,0,15,0,0,2
0,7,2.63,3,845,430,10
0,8,0,15,145,390,3
0,9,0,15,0,0,2
0,10,2.833333333333333,1,910,460,10
0,11,0,15,0,400,2
0,12,2.7533333333333334,1,910,450,10
0,13,0,15,465,330,8
0,14,3.1866666666666665,2,1140,480,10
0,15,0,15,0,0,2
0,16,0,15,225,460,4
0,17,2.4833333333333334,4,835,460,10
0,18,0,15,0,0,2
0,19,0,15,0,80,2
0,20,0,15,0,0,2
0,21,0,15,10,80,2
0,22,2.706666666666667,2,900,480,10
0,23,0,15,0,330,2
0,24,0,15,0,180,2
0,25,0,15,0,0,2
0,26,1.9266666666666667,11,810,480,10
0,27,4.32,0,1160,450,10
0,28,2.1766666666666667,8,785,430,10
0,29,2.986666666666667,2,860,300,10
0,30,2.7733333333333334,1,910,490,10
0,31,1.5633333333333332,13,695,50,10
0,32,2.7933333333333334,1,910,480,10
0,33,1.5566666666666666,14,735,310,10
0,34,2.7533333333333334,1,910,450,10
0,35,0,15,90,180,3
0,36,3.2866666666666666,2,1140,430,10
0,37,0,15,0,230,2
0,38,2.8533333333333335,1,910,400,10
0,39,0,15,690,150,9
0,40,3.0599999999999996,3,1130,500,10
0,41,0,15,0,0,2
0,42,0,15,0,0,2
0,43,0,15,110,230,3
0,44,0,15,0,0,2
0,45,0,15,0,430,2
0,46,0,15,0,80,2
0,47,0,15,20,470,2
0,48,0,15,0,80,2
0,49,0,15,0,430,2
0,50,1.8466666666666667,11,770,480,10
0,51,0,15,110,490,3
0,52,2.873333333333333,1,910,310,10
0,53,1.8166666666666669,11,765,230,10
0,54,0,15,70,480,3
0,55,0,15,720,490,10
0,56,0,15,70,430,3
0,57,2.7933333333333334,1,910,480,10
0,58,2.833333333333333,1,910,460,10
0,59,2.1466666666666665,8,840,400,10
0,60,2.7933333333333334,1,910,480,10
0,61,0,15,110,480,3
0,62,2.7533333333333334,7,1090,480,10
0,63,1.9666666666666668,11,810,460,10
0,64,0,15,110,230,3
0,65,0,15,0,80,2
0,66,0,15,0,80,2
0,67,0,15,0,0,2
0,68,1.9666666666666668,11,810,330,10
0,69,0,15,0,340,2
0,70,2.8533333333333335,1,910,400,10
0,71,2.376666666666667,5,815,410,10
0,72,0,15,0,80,2
0,73,0,15,0,330,2
0,74,0,15,0,0,2
0,75,1.76,12,760,100,10
0,76,0,15,0,320,2
0,77,0,15,0,180,2
0,78,0,15,130,430,3
0,79,0,15,70,260,3
0,80,0,15,110,200,3
0,81,2.7933333333333334,1,910,430,10
0,82,0,15,0,0,2
0,83,0,15,0,0,2
0,84,0,15,0,50,2
0,85,0,15,0,80,2
0,86,4.42,0,1160,450,10
0,87,0,15,0,480,2
0,88,2.7933333333333334,1,910,480,10
0,89,0,15,635,130,9
0,90,0,15,0,0,2
0,91,2.8066666666666666,2,900,430,10
0,92,2.62,3,890,100,10
0,93,0,15,100,360,3
0,94,1.8866666666666667,11,810,450,10
0,95,1.5766666666666667,14,735,480,10
0,96,0,15,145,430,3
0,97,0,15,130,50,3
0,98,0,15,45,480,2
0,99,0,15,10,80,2
1,0,0,15,330,410,6
1,1,2.7733333333333334,1,910,310,10
1,2,2.626666666666667,8,1080,500,10
1,3,2.7533333333333334,1,910,450,10
1,4,2.086666666666667,11,810,400,10
1,5,4.42,0,1160,400,10
1,6,2.833333333333333,1,910,460,10
1,7,3.0599999999999996,3,1130,500,10
1,8,4.32,0,1160,450,10
1,9,4.42,0,1160,450,10
1,10,0,15,125,460,3
1,11,2.953333333333333,1,910,400,10
1,12,0,15,190,310,4
1,13,3.1533333333333333,1,910,300,10
1,14,2.833333333333333,1,910,460,10
1,15,4.32,0,1160,450,10
1,16,1.9433333333333334,13,715,310,10
1,17,0,15,315,390,6
1,18,3.2866666666666666,2,1140,430,10
1,19,2.7533333333333334,1,910,450,10
1,20,2.7933333333333334,1,910,480,10
1,21,2.8533333333333335,1,910,400,10
1,22,3.013333333333333,4,1120,480,10
1,23,2.7933333333333334,1,910,480,10
1,24,3.373333333333333,1,1150,430,10
1,25,2.833333333333333,1,910,460,10
1,26,3.013333333333333,4,1120,480,10
1,27,2.626666666666667,2,860,480,10
1,28,0,15,190,330,4
1,29,2.953333333333333,1,910,400,10
1,30,2.22,6,800,490,10
1,31,2.666666666666667,2,860,460,10
1,32,2.833333333333333,1,910,460,10
1,33,3.0599999999999996,3,1130,500,10
1,34,2.833333333333333,1,910,330,10
1,35,2.7533333333333334,1,910,450,10
1,36,4.359999999999999,0,1160,480,10
1,37,3.0533333333333337,1,910,300,10
1,38,2.9333333333333336,4,880,280,10
1,39,3.2733333333333334,1,1150,430,10
1,40,2.8533333333333335,1,910,400,10
1,41,2.7733333333333334,1,910,360,10
1,42,4.359999999999999,0,1160,480,10
1,43,3.4466666666666668,2,1140,350,10
1,44,0,15,250,410,5
1,45,2.833333333333333,1,910,460,10
1,46,4.32,0,1160,500,10
1,47,2.78,9,1070,330,10
1,48,0,15,0,0,2
1,49,2.076666666666666,14,735,230,10
1,50,0,15,110,130,3
1,51,3.1733333333333333,4,1120,400,10
1,52,0,15,0,150,2
1,53,2.7266666666666666,8,1080,450,10
1,54,2.7933333333333334,1,910,480,10
1,55,2.8933333333333335,1,910,380,10
1,56,0,15,110,250,3
1,57,0,15,0,160,2
1,58,2.7533333333333334,1,910,500,10
1,59,1.9866666666666668,11,810,400,10
1,60,2.626666666666667,2,860,430,10
1,61,2.9266666666666667,5,1110,480,10
1,62,4.42,0,1160,450,10
1,63,2.4533333333333336,10,1060,450,10
1,64,2.7533333333333334,1,910,450,10
1,65,0,15,145,50,3
1,66,2.8533333333333335,1,910,450,10
1,67,2.54,9,1070,450,10
1,68,2.8933333333333335,1,910,380,10
1,69,3.013333333333333,4,1120,480,10
1,70,0,15,290,400,6
1,71,1.9666666666666668,11,810,460,10
1,72,4.42,0,1160,450,10
1,73,2.7933333333333334,1,910,430,10
1,74,2.986666666666667,2,860,300,10
1,75,2.716666666666667,2,860,390,10
1,76,2.7933333333333334,1,910,480,10
1,77,1.5866666666666667,14,730,340,10
1,78,2.3733333333333335,10,820,250,10
1,79,2.7933333333333334,1,910,480,10
1,80,3.0599999999999996,3,1130,500,10
1,81,2.953333333333333,1,910,350,10
1,82,2.8066666666666666,2,900,430,10
1,83,3.1466666666666665,2,1140,500,10
1,84,2.7933333333333334,1,910,430,10
1,85,3.0599999999999996,3,1130,500,10
1,86,4.32,0,1160,450,10
1,87,2.7933333333333334,1,910,480,10
1,88,0,15,0,500,2
1,89,0,15,0,0,2
1,90,0,15,495,310,8
1,91,0,15,270,230,5
1,92,1.9666666666666668,11,810,330,10
1,93,3.373333333333333,1,1150,430,10
1,94,3.0599999999999996,3,1130,500,10
1,95,2.8533333333333335,1,910,400,10
1,96,2.7933333333333334,1,910,430,10
1,97,1.9066666666666667,11,810,440,10
1,98,2.8533333333333335,1,910,450,10
1,99,3.0933333333333337,1,910,280,10
2,0,3.533333333333333,1,1150,350,10
2,1,3.2733333333333334,1,1150,430,10
2,2,3.2333333333333334,1,1150,450,10
2,3,3.2866666666666666,2,1140,430,10
2,4,3.4466666666666668,2,1140,350,10
2,5,4.32,0,1160,500,10
2,6,4.359999999999999,0,1160,480,10
2,7,2.2266666666666666,11,810,280,10
2,8,4.359999999999999,0,1160,480,10
2,9,4.359999999999999,0,1160,480,10
2,10,4.42,0,1160,450,10
2,11,4.32,0,1160,500,10
2,12,2.126666666666667,11,810,250,10
2,13,1.9266666666666667,11,810,350,10
2,14,3.2733333333333334,1,1150,430,10
2,15,4.32,0,1160,500,10
2,16,2.7533333333333334,1,910,400,10
2,17,4.42,0,1160,450,10
2,18,2.9533333333333336,10,1060,250,10
2,19,4.42,0,1160,400,10
2,20,4.52,0,1160,400,10
2,21,3.0999999999999996,3,1130,430,10
2,22,4.359999999999999,0,1160,480,10
2,23,4.359999999999999,0,1160,480,10
2,24,3.2333333333333334,1,1150,450,10
2,25,2.4466666666666668,8,840,350,10
2,26,2.833333333333333,1,910,410,10
2,27,2.953333333333333,1,910,400,10
2,28,4.32,0,1160,400,10
2,29,2.94,6,1100,430,10
2,30,0,15,690,230,9
2,31,2.336666666666667,14,735,50,10
2,32,2.2266666666666666,11,810,330,10
2,33,4.32,0,1160,500,10
2,34,4.32,0,1160,450,10
2,35,2.486666666666667,11,810,200,10
2,36,4.32,0,1160,500,10
2,37,4.32,0,1160,450,10
2,38,1.9066666666666667,11,810,360,10
2,39,2.126666666666667,11,810,380,10
2,40,4.32,0,1160,450,10
2,41,4.359999999999999,0,1160,480,10
2,42,4.5600000000000005,0,1160,380,10
2,43,4.359999999999999,0,1160,480,10
2,44,4.359999999999999,0,1160,480,10
2,45,3.2333333333333334,1,1150,450,10
2,46,3.2333333333333334,1,1150,450,10
2,47,4.32,0,1160,500,10
2,48,3.2333333333333334,1,1150,500,10
2,49,4.32,0,1160,500,10
2,50,4.32,0,1160,450,10
2,51,4.32,0,1160,500,10
2,52,4.32,0,1160,500,10
2,53,4.32,0,1160,500,10
2,54,2.1866666666666665,11,810,350,10
2,55,4.32,0,1160,450,10
2,56,4.32,0,1160,450,10
2,57,4.32,0,1160,450,10
2,58,4.32,0,1160,500,10
2,59,2.3866666666666667,11,810,200,10
2,60,2.3266666666666667,11,810,280,10
2,61,3.0933333333333337,1,910,330,10
2,62,4.46,0,1160,430,10
2,63,4.359999999999999,0,1160,480,10
2,64,4.32,0,1160,500,10
2,65,2.7533333333333334,1,910,450,10
2,66,2.7933333333333334,1,910,480,10
2,67,2.7933333333333334,10,1060,330,10
2,68,4.32,0,1160,450,10
2,69,2.086666666666667,11,810,350,10
2,70,3.1866666666666665,2,1140,430,10
2,71,3.1866666666666665,2,1140,430,10
2,72,4.359999999999999,0,1160,480,10
2,73,4.359999999999999,0,1160,430,10
2,74,1.9666666666666668,11,810,360,10
2,75,4.359999999999999,0,1160,480,10
2,76,3.2333333333333334,1,1150,450,10
2,77,4.46,0,1160,430,10
2,78,3.2733333333333334,1,1150,430,10
2,79,4.42,0,1160,450,10
2,80,4.32,0,1160,450,10
2,81,2.7533333333333334,1,910,500,10
2,82,4.32,0,1160,450,10
2,83,4.32,0,1160,500,10
2,84,4.32,0,1160,450,10
2,85,4.32,0,1160,500,10
2,86,3.333333333333333,1,1150,400,10
2,87,4.32,0,1160,450,10
2,88,4.42,0,1160,450,10
2,89,3.1866666666666665,2,1140,430,10
2,90,4.42,0,1160,450,10
2,91,3.533333333333333,1,1150,350,10
2,92,3.0433333333333334,4,880,180,10
2,93,3.2,3,1130,430,10
2,94,4.359999999999999,0,1160,480,10
2,95,3.373333333333333,1,1150,430,10
2,96,3.2,3,1130,430,10
2,97,3.2733333333333334,1,1150,350,10
2,98,2.7633333333333336,1,910,430,10
2,99,3.2733333333333334,1,1150,430,10
3,0,4.42,0,1160,450,10
3,1,4.359999999999999,0,1160,480,10
3,2,4.32,0,1160,450,10
3,3,4.359999999999999,0,1160,480,10
3,4,4.359999999999999,0,1160,480,10
3,5,4.42,0,1160,450,10
3,6,4.359999999999999,0,1160,480,10
3,7,4.42,0,1160,450,10
3,8,4.359999999999999,0,1160,480,10
3,9,4.42,0,1160,400,10
3,10,4.42,0,1160,450,10
3,11,4.32,0,1160,450,10
3,12,3.285333333333333,1,1150,400,10
3,13,4.42,0,1160,400,10
3,14,3.2866666666666666,2,1140,430,10
3,15,4.359999999999999,0,1160,480,10
3,16,4.32,0,1160,450,10
3,17,4.359999999999999,0,1160,480,10
3,18,4.42,0,1160,450,10
3,19,4.390000000000001,0,1160,450,10
3,20,4.359999999999999,0,1160,480,10
3,21,4.359999999999999,0,1160,480,10
3,22,4.359999999999999,0,1160,480,10
3,23,4.359999999999999,0,1160,430,10
3,24,4.359999999999999,0,1160,480,10
3,25,4.52,0,1160,400,10
3,26,4.359999999999999,0,1160,480,10
3,27,2.833333333333333,1,910,330,10
3,28,4.32,0,1160,450,10
3,29,4.32,0,1160,400,10
3,30,4.359999999999999,0,1160,480,10
3,31,4.42,0,1160,450,10
3,32,3.1533333333333333,1,910,250,10
3,33,4.62,0,1160,350,10
3,34,4.32,0,1160,450,10
3,35,0,15,230,130,5
3,36,4.359999999999999,0,1160,480,10
3,37,4.42,0,1160,400,10
3,38,3.373333333333333,1,1150,430,10
3,39,4.32,0,1160,400,10
3,40,4.359999999999999,0,1160,480,10
3,41,4.359999999999999,0,1160,480,10
3,42,4.359999999999999,0,1160,480,10
3,43,4.359999999999999,0,1160,480,10
3,44,4.42,0,1160,450,10
3,45,4.42,0,1160,450,10
3,46,4.359999999999999,0,1160,480,10
3,47,4.359999999999999,0,1160,480,10
3,48,4.46,0,1160,430,10
3,49,4.359999999999999,0,1160,480,10
3,50,4.359999999999999,0,1160,430,10
3,51,4.359999999999999,0,1160,480,10
3,52,4.32,0,1160,400,10
3,53,4.5600000000000005,0,1160,380,10
3,54,2.1866666666666665,11,810,350,10
3,55,3.1866666666666665,2,1140,430,10
3,56,4.32,0,1160,500,10
3,57,4.359999999999999,0,1160,480,10
3,58,4.52,0,1160,400,10
3,59,3.0999999999999996,3,1130,480,10
3,60,4.359999999999999,0,1160,480,10
3,61,4.359999999999999,0,1160,480,10
3,62,0,15,700,460,9
3,63,4.359999999999999,0,1160,480,10
3,64,4.32,0,1160,500,10
3,65,4.42,0,1160,450,10
3,66,4.359999999999999,0,1160,480,10
3,67,4.32,0,1160,500,10
3,68,3.0999999999999996,3,1130,430,10
3,69,2.9333333333333336,1,910,410,10
3,70,4.42,0,1160,450,10
3,71,3.1866666666666665,2,1140,430,10
3,72,4.42,0,1160,450,10
3,73,3.2733333333333334,1,1150,430,10
3,74,3.2733333333333334,1,1150,430,10
3,75,4.32,0,1160,500,10
3,76,4.359999999999999,0,1160,480,10
3,77,4.32,0,1160,500,10
3,78,2.9333333333333336,1,910,410,10
3,79,3.2733333333333334,1,1150,430,10
3,80,4.32,0,1160,450,10
3,81,4.359999999999999,0,1160,480,10
3,82,4.359999999999999,0,1160,480,10
3,83,4.359999999999999,0,1160,480,10
3,84,4.42,0,1160,450,10
3,85,4.359999999999999,0,1160,480,10
3,86,4.42,0,1160,450,10
3,87,4.359999999999999,0,1160,480,10
3,88,4.32,0,1160,400,10
3,89,4.42,0,1160,450,10
3,90,3.373333333333333,1,1150,430,10
3,91,3.2733333333333334,1,1150,430,10
3,92,4.32,0,1160,500,10
3,93,4.359999999999999,0,1160,480,10
3,94,4.359999999999999,0,1160,480,10
3,95,3.2733333333333334,1,1150,430,10
3,96,3.2733333333333334,1,1150,430,10
3,97,4.46,0,1160,380,10
3,98,3.0933333333333337,1,910,330,10
3,99,2.0766666666666667,11,810,360,10
4,0,4.52,0,1160,400,10
4,1,4.42,0,1160,450,10
4,2,4.32,0,1160,400,10
4,3,4.32,0,1160,450,10
4,4,4.32,0,1160,450,10
4,5,4.359999999999999,0,1160,480,10
4,6,4.42,0,1160,450,10
4,7,4.32,0,1160,500,10
4,8,4.32,0,1160,500,10
4,9,4.32,0,1160,450,10
4,10,2.3866666666666667,11,810,200,10
4,11,4.52,0,1160,350,10
4,12,4.32,0,1160,450,10
4,13,2.7533333333333334,1,910,400,10
4,14,2.3866666666666667,11,810,250,10
4,15,4.359999999999999,0,1160,480,10
4,16,4.359999999999999,0,1160,430,10
4,17,4.42,0,1160,450,10
4,18,4.42,0,1160,450,10
4,19,4.32,0,1160,500,10
4,20,4.52,0,1160,400,10
4,21,4.32,0,1160,400,10
4,22,4.32,0,1160,500,10
4,23,2.8933333333333335,1,910,430,10
4,24,4.62,0,1160,350,10
4,25,4.52,0,1160,400,10
4,26,4.359999999999999,0,1160,380,10
4,27,2.3866666666666667,11,810,200,10
4,28,4.359999999999999,0,1160,480,10
4,29,4.359999999999999,0,1160,480,10
4,30,4.32,0,1160,400,10
4,31,4.359999999999999,0,1160,480,10
4,32,4.46,0,1160,430,10
4,33,4.42,0,1160,400,10
4,34,4.359999999999999,0,1160,430,10
4,35,4.42,0,1160,450,10
4,36,4.52,0,1160,350,10
4,37,4.32,0,1160,400,10
4,38,4.32,0,1160,500,10
4,39,4.359999999999999,0,1160,350,10
4,40,4.32,0,1160,500,10
4,41,4.359999999999999,0,1160,480,10
4,42,4.42,0,1160,450,10
4,43,4.42,0,1160,450,10
4,44,4.42,0,1160,400,10
4,45,4.359999999999999,0,1160,480,10
4,46,4.359999999999999,0,1160,480,10
4,47,4.32,0,1160,450,10
4,48,2.486666666666667,11,810,200,10
4,49,4.42,0,1160,450,10
4,50,4.42,0,1160,450,10
4,51,4.42,0,1160,450,10
4,52,4.52,0,1160,400,10
4,53,4.359999999999999,0,1160,480,10
4,54,4.32,0,1160,500,10
4,55,4.32,0,1160,450,10
4,56,4.359999999999999,0,1160,480,10
4,57,4.42,0,1160,450,10
4,58,4.32,0,1160,450,10
4,59,3.1866666666666665,2,1140,350,10
4,60,4.42,0,1160,450,10
4,61,4.5600000000000005,0,1160,380,10
4,62,4.32,0,1160,450,10
4,63,4.32,0,1160,450,10
4,64,4.42,0,1160,400,10
4,65,4.62,0,1160,350,10
4,66,4.42,0,1160,450,10
4,67,4.32,0,1160,500,10
4,68,4.52,0,1160,400,10
4,69,4.32,0,1160,450,10
4,70,4.32,0,1160,500,10
4,71,4.359999999999999,0,1160,430,10
4,72,1.9866666666666668,11,810,400,10
4,73,4.359999999999999,0,1160,430,10
4,74,3.1533333333333333,1,910,300,10
4,75,4.32,0,1160,500,10
4,76,4.359999999999999,0,1160,480,10
4,77,4.32,0,1160,450,10
4,78,4.42,0,1160,350,10
4,79,4.52,0,1160,400,10
4,80,4.359999999999999,0,1160,480,10
4,81,4.52,0,1160,350,10
4,82,3.2,6,1100,250,10
4,83,4.359999999999999,0,1160,430,10
4,84,4.32,0,1160,450,10
4,85,4.4,0,1160,460,10
4,86,4.32,0,1160,500,10
4,87,4.32,0,1160,400,10
4,88,4.32,0,1160,450,10
4,89,4.42,0,1160,450,10
4,90,4.32,0,1160,500,10
4,91,4.32,0,1160,500,10
4,92,4.52,0,1160,400,10
4,93,4.32,0,1160,500,10
4,94,4.46,0,1160,380,10
4,95,4.359999999999999,0,1160,480,10
4,96,4.32,0,1160,450,10
4,97,4.52,0,1160,400,10
4,98,4.4,0,1160,460,10
4,99,4.32,0,1160,450,10
5,0,4.52,0,1160,400,10
5,1,4.359999999999999,0,1160,430,10
5,2,4.52,0,1160,400,10
5,3,4.359999999999999,0,1160,480,10
5,4,4.52,0,1160,400,10
5,5,4.46,0,1160,430,10
5,6,4.359999999999999,0,1160,350,10
5,7,4.52,0,1160,400,10
5,8,4.359999999999999,0,1160,480,10
5,9,4.42,0,1160,450,10
5,10,4.359999999999999,0,1160,430,10
5,11,4.32,0,1160,500,10
5,12,4.52,0,1160,350,10
5,13,4.46,0,1160,430,10
5,14,4.42,0,1160,400,10
5,15,4.52,0,1160,400,10
5,16,4.52,0,1160,400,10
5,17,4.46,0,1160,430,10
5,18,4.32,0,1160,450,10
5,19,4.32,0,1160,500,10
5,20,4.42,0,1160,350,10
5,21,4.42,0,1160,450,10
5,22,4.52,0,1160,400,10
5,23,3.4333333333333336,1,1150,400,10
5,24,4.32,0,1160,450,10
5,25,4.5600000000000005,0,1160,380,10
5,26,4.52,0,1160,400,10
5,27,4.359999999999999,0,1160,480,10
5,28,4.359999999999999,0,1160,480,10
5,29,2.2966666666666664,11,810,200,10
5,30,2.953333333333333,1,910,350,10
5,31,4.46,0,1160,430,10
5,32,4.32,0,1160,500,10
5,33,4.42,0,1160,350,10
5,34,4.359999999999999,0,1160,430,10
5,35,4.42,0,1160,400,10
5,36,4.32,0,1160,500,10
5,37,3.4333333333333336,1,1150,400,10
5,38,4.42,0,1160,400,10
5,39,4.32,0,1160,500,10
5,40,4.32,0,1160,500,10
5,41,3.333333333333333,1,1150,400,10
5,42,4.359999999999999,0,1160,430,10
5,43,4.42,0,1160,450,10
5,44,4.4,0,1160,460,10
5,45,4.359999999999999,0,1160,480,10
5,46,4.359999999999999,0,1160,480,10
5,47,4.359999999999999,0,1160,430,10
5,48,4.32,0,1160,450,10
5,49,4.4,0,1160,460,10
5,50,4.42,0,1160,450,10
5,51,4.32,0,1160,500,10
5,52,4.390000000000001,0,1160,450,10
5,53,4.62,0,1160,350,10
5,54,4.42,0,1160,350,10
5,55,4.42,0,1160,400,10
5,56,4.359999999999999,0,1160,480,10
5,57,4.42,0,1160,450,10
5,58,4.42,0,1160,400,10
5,59,4.32,0,1160,500,10
5,60,4.359999999999999,0,1160,430,10
5,61,4.359999999999999,0,1160,430,10
5,62,4.42,0,1160,350,10
5,63,4.42,0,1160,350,10
5,64,4.52,0,1160,400,10
5,65,4.4,0,1160,460,10
5,66,4.32,0,1160,450,10
5,67,4.32,0,1160,500,10
5,68,3.0633333333333335,1,910,250,10
5,69,3.373333333333333,1,1150,430,10
5,70,4.359999999999999,0,1160,480,10
5,71,4.359999999999999,0,1160,480,10
5,72,4.359999999999999,0,1160,480,10
5,73,4.52,0,1160,350,10
5,74,4.359999999999999,0,1160,430,10
5,75,4.52,0,1160,400,10
5,76,4.46,0,1160,430,10
5,77,4.359999999999999,0,1160,480,10
5,78,4.359999999999999,0,1160,480,10
5,79,4.42,0,1160,450,10
5,80,4.32,0,1160,450,10
5,81,4.5600000000000005,0,1160,380,10
5,82,4.32,0,1160,400,10
5,83,4.52,0,1160,400,10
5,84,4.359999999999999,0,1160,350,10
5,85,4.32,0,1160,400,10
5,86,4.42,0,1160,450,10
5,87,4.52,0,1160,400,10
5,88,4.42,0,1160,400,10
5,89,4.32,0,1160,450,10
5,90,4.359999999999999,0,1160,430,10
5,91,4.32,0,1160,500,10
5,92,2.7533333333333334,1,910,400,10
5,93,3.1466666666666665,2,1140,400,10
5,94,4.62,0,1160,350,10
5,95,4.52,0,1160,350,10
5,96,4.52,0,1160,400,10
5,97,4.359999999999999,0,1160,480,10
5,98,4.42,0,1160,400,10
5,99,2.126666666666667,11,810,280,10
6,0,4.5600000000000005,0,1160,380,10
6,1,4.52,0,1160,400,10
6,2,4.42,0,1160,400,10
6,3,4.4,0,1160,460,10
6,4,4.42,0,1160,400,10
6,5,4.359999999999999,0,1160,480,10
6,6,4.359999999999999,0,1160,480,10
6,7,4.42,0,1160,450,10
6,8,4.359999999999999,0,1160,480,10
6,9,4.42,0,1160,400,10
6,10,4.359999999999999,0,1160,430,10
6,11,4.32,0,1160,450,10
6,12,4.359999999999999,0,1160,480,10
6,13,4.359999999999999,0,1160,480,10
6,14,4.52,0,1160,400,10
6,15,4.62,0,1160,350,10
6,16,4.359999999999999,0,1160,480,10
6,17,2.35,9,830,310,10
6,18,4.52,0,1160,400,10
6,19,4.52,0,1160,400,10
6,20,4.52,0,1160,350,10
6,21,4.359999999999999,0,1160,480,10
6,22,2.7666666666666666,8,1080,430,10
6,23,4.32,0,1160,500,10
6,24,4.359999999999999,0,1160,480,10
6,25,4.46,0,1160,430,10
6,26,4.32,0,1160,500,10
6,27,2.84,9,1070,350,10
6,28,4.52,0,1160,400,10
6,29,4.42,0,1160,400,10
6,30,4.52,0,1160,400,10
6,31,2.8633333333333333,1,910,350,10
6,32,4.32,0,1160,500,10
6,33,4.32,0,1160,500,10
6,34,4.42,0,1160,450,10
6,35,4.52,0,1160,400,10
6,36,4.32,0,1160,450,10
6,37,4.359999999999999,0,1160,430,10
6,38,4.32,0,1160,500,10
6,39,4.359999999999999,0,1160,480,10
6,40,4.359999999999999,0,1160,480,10
6,41,4.42,0,1160,400,10
6,42,4.359999999999999,0,1160,480,10
6,43,4.62,0,1160,350,10
6,44,4.62,0,1160,350,10
6,45,4.52,0,1160,400,10
6,46,4.42,0,1160,450,10
6,47,4.32,0,1160,450,10
6,48,2.9033333333333333,1,910,330,10
6,49,4.52,0,1160,400,10
6,50,4.52,0,1160,400,10
6,51,4.32,0,1160,450,10
6,52,4.359999999999999,0,1160,350,10
6,53,4.52,0,1160,400,10
6,54,4.359999999999999,0,1160,480,10
6,55,4.46,0,1160,430,10
6,56,2.3866666666666667,11,810,250,10
6,57,4.52,0,1160,400,10
6,58,4.52,0,1160,400,10
6,59,4.62,0,1160,350,10
6,60,4.359999999999999,0,1160,480,10
6,61,3.4733333333333336,1,1150,380,10
6,62,4.52,0,1160,400,10
6,63,4.42,0,1160,450,10
6,64,4.32,0,1160,500,10
6,65,4.52,0,1160,350,10
6,66,4.46,0,1160,430,10
6,67,4.32,0,1160,500,10
6,68,4.42,0,1160,400,10
6,69,4.42,0,1160,400,10
6,70,4.62,0,1160,350,10
6,71,4.52,0,1160,400,10
6,72,4.42,0,1160,350,10
6,73,4.52,0,1160,400,10
6,74,4.390000000000001,0,1160,450,10
6,75,4.359999999999999,0,1160,480,10
6,76,4.32,0,1160,400,10
6,77,4.42,0,1160,400,10
6,78,4.359999999999999,0,1160,350,10
6,79,4.46,0,1160,380,10
6,80,4.5600000000000005,0,1160,380,10
6,81,4.359999999999999,0,1160,480,10
6,82,4.32,0,1160,500,10
6,83,4.32,0,1160,450,10
6,84,4.32,0,1160,500,10
6,85,4.32,0,1160,500,10
6,86,4.32,0,1160,500,10
6,87,4.42,0,1160,450,10
6,88,4.52,0,1160,400,10
6,89,4.52,0,1160,400,10
6,90,4.42,0,1160,400,10
6,91,4.52,0,1160,350,10
6,92,4.359999999999999,0,1160,380,10
6,93,4.32,0,1160,450,10
6,94,4.52,0,1160,400,10
6,95,4.52,0,1160,400,10
6,96,4.62,0,1160,350,10
6,97,4.32,0,1160,500,10
6,98,4.52,0,1160,400,10
6,99,4.52,0,1160,400,10
7,0,4.359999999999999,0,1160,480,10
7,1,4.32,0,1160,500,10
7,2,4.52,0,1160,400,10
7,3,4.52,0,1160,400,10
7,4,4.359999999999999,0,1160,480,10
7,5,4.42,0,1160,400,10
7,6,4.62,0,1160,350,10
7,7,4.359999999999999,0,1160,430,10
7,8,4.42,0,1160,400,10
7,9,4.359999999999999,0,1160,480,10
7,10,4.62,0,1160,350,10
7,11,4.52,0,1160,400,10
7,12,4.5600000000000005,0,1160,380,10
7,13,4.52,0,1160,350,10
7,14,4.46,0,1160,430,10
7,15,2.6966666666666668,8,1080,400,10
7,16,4.52,0,1160,350,10
7,17,4.42,0,1160,450,10
7,18,4.359999999999999,0,1160,430,10
7,19,4.42,0,1160,450,10
7,20,4.52,0,1160,400,10
7,21,4.359999999999999,0,1160,350,10
7,22,4.52,0,1160,350,10
7,23,4.359999999999999,0,1160,480,10
7,24,4.32,0,1160,500,10
7,25,4.42,0,1160,450,10
7,26,4.42,0,1160,400,10
7,27,4.359999999999999,0,1160,480,10
7,28,4.46,0,1160,430,10
7,29,4.52,0,1160,350,10
7,30,4.359999999999999,0,1160,350,10
7,31,4.359999999999999,0,1160,350,10
7,32,4.359999999999999,0,1160,480,10
7,33,4.62,0,1160,350,10
7,34,4.359999999999999,0,1160,480,10
7,35,4.5600000000000005,0,1160,380,10
7,36,4.359999999999999,0,1160,480,10
7,37,4.52,0,1160,400,10
7,38,4.32,0,1160,450,10
7,39,4.359999999999999,0,1160,350,10
7,40,4.359999999999999,0,1160,480,10
7,41,4.359999999999999,0,1160,350,10
7,42,4.52,0,1160,400,10
7,43,4.49,0,1160,400,10
7,44,4.5600000000000005,0,1160,380,10
7,45,4.32,0,1160,500,10
7,46,4.359999999999999,0,1160,480,10
7,47,4.52,0,1160,400,10
7,48,4.359999999999999,0,1160,480,10
7,49,4.46,0,1160,430,10
7,50,4.46,0,1160,430,10
7,51,4.42,0,1160,450,10
7,52,4.42,0,1160,400,10
7,53,4.359999999999999,0,1160,480,10
7,54,4.32,0,1160,500,10
7,55,4.359999999999999,0,1160,430,10
7,56,4.52,0,1160,400,10
7,57,4.46,0,1160,430,10
7,58,4.359999999999999,0,1160,430,10
7,59,4.32,0,1160,500,10
7,60,4.42,0,1160,400,10
7,61,4.32,0,1160,500,10
7,62,4.359999999999999,0,1160,480,10
7,63,4.42,0,1160,450,10
7,64,4.52,0,1160,400,10
7,65,4.32,0,1160,500,10
7,66,4.46,0,1160,430,10
7,67,4.46,0,1160,430,10
7,68,4.359999999999999,0,1160,480,10
7,69,4.32,0,1160,500,10
7,70,4.32,0,1160,450,10
7,71,4.359999999999999,0,1160,430,10
7,72,4.42,0,1160,400,10
7,73,4.52,0,1160,400,10
7,74,4.359999999999999,0,1160,430,10
7,75,4.359999999999999,0,1160,430,10
7,76,4.42,0,1160,450,10
7,77,4.32,0,1160,450,10
7,78,4.62,0,1160,350,10
7,79,4.42,0,1160,450,10
7,80,4.359999999999999,0,1160,480,10
7,81,4.359999999999999,0,1160,350,10
7,82,4.359999999999999,0,1160,480,10
7,83,4.5600000000000005,0,1160,380,10
7,84,4.62,0,1160,350,10
7,85,4.32,0,1160,500,10
7,86,4.62,0,1160,350,10
7,87,4.52,0,1160,400,10
7,88,4.62,0,1160,350,10
7,89,4.359999999999999,0,1160,350,10
7,90,4.4,0,1160,460,10
7,91,4.359999999999999,0,1160,350,10
7,92,4.5600000000000005,0,1160,380,10
7,93,4.46,0,1160,430,10
7,94,4.32,0,1160,400,10
7,95,4.42,0,1160,400,10
7,96,4.32,0,1160,500,10
7,97,2.8166666666666664,2,900,380,10
7,98,4.42,0,1160,450,10
7,99,4.359999999999999,0,1160,480,10
8,0,3.3133333333333335,1,1150,460,10
8,1,2.9366666666666665,5,1110,430,10
8,2,3.3133333333333335,1,1150,460,10
8,3,4.359999999999999,0,1160,350,10
8,4,4.4,0,1160,460,10
8,5,4.52,0,1160,350,10
8,6,4.42,0,1160,400,10
8,7,2.5633333333333335,10,1060,300,10
8,8,3.1966666666666668,2,1140,380,10
8,9,4.5600000000000005,0,1160,380,10
8,10,4.46,0,1160,430,10
8,11,4.42,0,1160,400,10
8,12,4.4,0,1160,460,10
8,13,3.2733333333333334,1,1150,430,10
8,14,3.3133333333333335,1,1150,460,10
8,15,4.46,0,1160,430,10
8,16,4.359999999999999,0,1160,480,10
8,17,4.46,0,1160,430,10
8,18,4.42,0,1160,400,10
8,19,4.52,0,1160,400,10
8,20,4.359999999999999,0,1160,480,10
8,21,4.62,0,1160,350,10
8,22,4.5600000000000005,0,1160,380,10
8,23,4.52,0,1160,400,10
8,24,4.32,0,1160,500,10
8,25,4.359999999999999,0,1160,480,10
8,26,4.46,0,1160,380,10
8,27,3.4733333333333336,1,1150,380,10
8,28,4.62,0,1160,350,10
8,29,4.46,0,1160,430,10
8,30,4.52,0,1160,400,10
8,31,4.52,0,1160,400,10
8,32,4.32,0,1160,500,10
8,33,4.46,0,1160,430,10
8,34,3.373333333333333,1,1150,380,10
8,35,4.46,0,1160,430,10
8,36,4.359999999999999,0,1160,480,10
8,37,2.7586666666666666,8,1080,330,10
8,38,4.46,0,1160,430,10
8,39,4.62,0,1160,350,10
8,40,4.46,0,1160,430,10
8,41,4.359999999999999,0,1160,430,10
8,42,4.359999999999999,0,1160,430,10
8,43,2.6933333333333334,10,1060,380,10
8,44,4.359999999999999,0,1160,480,10
8,45,4.46,0,1160,430,10
8,46,4.62,0,1160,350,10
8,47,4.52,0,1160,400,10
8,48,4.32,0,1160,500,10
8,49,4.4,0,1160,460,10
8,50,4.52,0,1160,350,10
8,51,4.32,0,1160,450,10
8,52,4.32,0,1160,500,10
8,53,4.32,0,1160,500,10
8,54,4.359999999999999,0,1160,350,10
8,55,4.359999999999999,0,1160,350,10
8,56,4.46,0,1160,430,10
8,57,4.62,0,1160,350,10
8,58,4.46,0,1160,430,10
8,59,4.52,0,1160,350,10
8,60,4.42,0,1160,450,10
8,61,4.359999999999999,0,1160,480,10
8,62,4.52,0,1160,400,10
8,63,4.62,0,1160,350,10
8,64,4.5600000000000005,0,1160,380,10
8,65,4.46,0,1160,430,10
8,66,4.52,0,1160,400,10
8,67,4.62,0,1160,350,10
8,68,4.46,0,1160,430,10
8,69,4.359999999999999,0,1160,430,10
8,70,4.4,0,1160,460,10
8,71,4.52,0,1160,350,10
8,72,4.42,0,1160,400,10
8,73,4.359999999999999,0,1160,350,10
8,74,4.32,0,1160,500,10
8,75,4.4,0,1160,460,10
8,76,4.46,0,1160,430,10
8,77,2.2966666666666664,11,810,200,10
8,78,4.32,0,1160,500,10
8,79,4.359999999999999,0,1160,480,10
8,80,2.8233333333333337,10,1060,300,10
8,81,4.46,0,1160,430,10
8,82,4.32,0,1160,450,10
8,83,4.4,0,1160,460,10
8,84,4.32,0,1160,400,10
8,85,4.5600000000000005,0,1160,380,10
8,86,4.62,0,1160,350,10
8,87,4.359999999999999,0,1160,430,10
8,88,4.32,0,1160,500,10
8,89,4.62,0,1160,350,10
8,90,4.62,0,1160,350,10
8,91,4.42,0,1160,400,10
8,92,4.359999999999999,0,1160,480,10
8,93,4.4,0,1160,460,10
8,94,3.1966666666666668,2,1140,460,10
8,95,4.359999999999999,0,1160,430,10
8,96,2.486666666666667,11,810,200,10
8,97,4.32,0,1160,500,10
8,98,4.359999999999999,0,1160,480,10
8,99,4.42,0,1160,400,10
9,0,4.32,0,1160,500,10
9,1,4.46,0,1160,430,10
9,2,4.46,0,1160,430,10
9,3,4.46,0,1160,430,10
9,4,4.62,0,1160,350,10
9,5,4.5600000000000005,0,1160,380,10
9,6,4.62,0,1160,350,10
9,7,4.46,0,1160,430,10
9,8,2.486666666666667,11,810,200,10
9,9,4.62,0,1160,350,10
9,10,4.359999999999999,0,1160,430,10
9,11,4.5600000000000005,0,1160,380,10
9,12,4.359999999999999,0,1160,350,10
9,13,4.62,0,1160,350,10
9,14,4.359999999999999,0,1160,350,10
9,15,4.359999999999999,0,1160,480,10
9,16,4.62,0,1160,350,10
9,17,4.46,0,1160,430,10
9,18,4.52,0,1160,400,10
9,19,4.46,0,1160,430,10
9,20,4.46,0,1160,430,10
9,21,4.62,0,1160,350,10
9,22,4.359999999999999,0,1160,430,10
9,23,4.359999999999999,0,1160,350,10
9,24,4.5600000000000005,0,1160,380,10
9,25,4.359999999999999,0,1160,430,10
9,26,4.4,0,1160,460,10
9,27,4.359999999999999,0,1160,380,10
9,28,4.62,0,1160,350,10
9,29,4.62,0,1160,350,10
9,30,4.359999999999999,0,1160,480,10
9,31,4.359999999999999,0,1160,350,10
9,32,4.359999999999999,0,1160,480,10
9,33,4.5600000000000005,0,1160,380,10
9,34,4.62,0,1160,350,10
9,35,4.359999999999999,0,1160,350,10
9,36,4.52,0,1160,400,10
9,37,4.32,0,1160,500,10
9,38,4.359999999999999,0,1160,350,10
9,39,4.359999999999999,0,1160,480,10
9,40,4.46,0,1160,430,10
9,41,4.62,0,1160,350,10
9,42,4.359999999999999,0,1160,350,10
9,43,4.359999999999999,0,1160,350,10
9,44,4.359999999999999,0,1160,480,10
9,45,4.46,0,1160,430,10
9,46,4.46,0,1160,430,10
9,47,4.359999999999999,0,1160,480,10
9,48,4.359999999999999,0,1160,350,10
9,49,4.62,0,1160,350,10
9,50,4.52,0,1160,400,10
9,51,4.62,0,1160,350,10
9,52,4.32,0,1160,500,10
9,53,4.359999999999999,0,1160,480,10
9,54,4.62,0,1160,350,10
9,55,4.62,0,1160,350,10
9,56,4.62,0,1160,350,10
9,57,4.52,0,1160,400,10
9,58,4.4,0,1160,460,10
9,59,4.5600000000000005,0,1160,380,10
9,60,4.32,0,1160,500,10
9,61,4.5600000000000005,0,1160,380,10
9,62,4.52,0,1160,400,10
9,63,4.62,0,1160,350,10
9,64,4.42,0,1160,450,10
9,65,4.359999999999999,0,1160,430,10
9,66,4.62,0,1160,350,10
9,67,4.62,0,1160,350,10
9,68,4.46,0,1160,430,10
9,69,4.4,0,1160,460,10
9,70,4.32,0,1160,500,10
9,71,4.46,0,1160,430,10
9,72,4.62,0,1160,350,10
9,73,4.62,0,1160,350,10
9,74,4.32,0,1160,500,10
9,75,4.62,0,1160,350,10
9,76,4.32,0,1160,500,10
9,77,4.46,0,1160,430,10
9,78,4.46,0,1160,430,10
9,79,1.9566666666666666,11,810,450,10
9,80,4.62,0,1160,350,10
9,81,4.32,0,1160,500,10
9,82,4.62,0,1160,350,10
9,83,4.46,0,1160,430,10
9,84,4.5600000000000005,0,1160,380,10
9,85,4.62,0,1160,350,10
9,86,4.32,0,1160,500,10
9,87,4.46,0,1160,430,10
9,88,4.4,0,1160,460,10
9,89,4.359999999999999,0,1160,350,10
9,90,2.3266666666666667,11,810,280,10
9,91,4.46,0,1160,430,10
9,92,4.5600000000000005,0,1160,380,10
9,93,4.46,0,1160,430,10
9,94,4.359999999999999,0,1160,430,10
9,95,4.32,0,1160,500,10
9,96,4.359999999999999,0,1160,430,10
9,97,4.46,0,1160,430,10
9,98,4.359999999999999,0,1160,430,10
9,99,4.359999999999999,0,1160,480,10
10,0,4.359999999999999,0,1160,350,10
10,1,4.52,0,1160,400,10
10,2,4.42,0,1160,400,10
10,3,4.46,0,1160,430,10
10,4,4.62,0,1160,350,10
10,5,4.32,0,1160,500,10
10,6,4.359999999999999,0,1160,350,10
10,7,4.32,0,1160,500,10
10,8,4.46,0,1160,430,10
10,9,4.359999999999999,0,1160,350,10
10,10,4.62,0,1160,350,10
10,11,4.46,0,1160,430,10
10,12,4.62,0,1160,350,10
10,13,4.32,0,1160,500,10
10,14,4.32,0,1160,500,10
10,15,4.52,0,1160,350,10
10,16,4.62,0,1160,350,10
10,17,4.62,0,1160,350,10
10,18,4.46,0,1160,430,10
10,19,4.46,0,1160,430,10
10,20,4.359999999999999,0,1160,350,10
10,21,4.46,0,1160,430,10
10,22,4.359999999999999,0,1160,480,10
10,23,4.32,0,1160,500,10
10,24,4.62,0,1160,350,10
10,25,4.62,0,1160,350,10
10,26,4.46,0,1160,430,10
10,27,4.62,0,1160,350,10
10,28,4.62,0,1160,350,10
10,29,4.359999999999999,0,1160,350,10
10,30,4.46,0,1160,430,10
10,31,4.359999999999999,0,1160,350,10
10,32,4.46,0,1160,430,10
10,33,4.359999999999999,0,1160,430,10
10,34,4.46,0,1160,430,10
10,35,4.46,0,1160,430,10
10,36,4.46,0,1160,430,10
10,37,4.359999999999999,0,1160,480,10
10,38,4.62,0,1160,350,10
10,39,4.52,0,1160,350,10
10,40,4.359999999999999,0,1160,430,10
10,41,4.62,0,1160,350,10
10,42,4.46,0,1160,430,10
10,43,4.359999999999999,0,1160,480,10
10,44,4.359999999999999,0,1160,350,10
10,45,4.46,0,1160,430,10
10,46,4.32,0,1160,500,10
10,47,4.62,0,1160,350,10
10,48,4.32,0,1160,500,10
10,49,4.62,0,1160,350,10
10,50,4.52,0,1160,400,10
10,51,4.62,0,1160,350,10
10,52,4.62,0,1160,350,10
10,53,4.359999999999999,0,1160,480,10
10,54,4.359999999999999,0,1160,430,10
10,55,4.359999999999999,0,1160,480,10
10,56,4.32,0,1160,500,10
10,57,4.359999999999999,0,1160,350,10
10,58,4.359999999999999,0,1160,430,10
10,59,4.46,0,1160,430,10
10,60,4.62,0,1160,350,10
10,61,4.42,0,1160,400,10
10,62,4.46,0,1160,430,10
10,63,4.359999999999999,0,1160,480,10
10,64,4.46,0,1160,430,10
10,65,4.62,0,1160,350,10
10,66,4.62,0,1160,350,10
10,67,4.359999999999999,0,1160,480,10
10,68,4.46,0,1160,430,10
10,69,4.62,0,1160,350,10
10,70,4.32,0,1160,500,10
10,71,4.359999999999999,0,1160,350,10
10,72,4.32,0,1160,500,10
10,73,1.9666666666666668,11,810,460,10
10,74,4.62,0,1160,350,10
10,75,1.9766666666666666,11,810,280,10
10,76,4.32,0,1160,500,10
10,77,4.52,0,1160,350,10
10,78,4.46,0,1160,430,10
10,79,4.52,0,1160,400,10
10,80,4.52,0,1160,350,10
10,81,4.32,0,1160,500,10
10,82,4.46,0,1160,430,10
10,83,4.62,0,1160,350,10
10,84,4.62,0,1160,350,10
10,85,4.359999999999999,0,1160,350,10
10,86,4.46,0,1160,430,10
10,87,4.46,0,1160,430,10
10,88,4.62,0,1160,350,10
10,89,4.62,0,1160,350,10
10,90,4.62,0,1160,350,10
10,91,4.359999999999999,0,1160,430,10
10,92,4.62,0,1160,350,10
10,93,4.46,0,1160,430,10
10,94,4.359999999999999,0,1160,350,10
10,95,4.46,0,1160,430,10
10,96,4.32,0,1160,500,10
10,97,4.62,0,1160,350,10
10,98,4.62,0,1160,350,10
10,99,4.32,0,1160,500,10
11,0,4.46,0,1160,430,10
11,1,4.32,0,1160,500,10
11,2,4.62,0,1160,350,10
11,3,4.52,0,1160,350,10
11,4,4.62,0,1160,350,10
11,5,4.62,0,1160,350,10
11,6,4.62,0,1160,350,10
11,7,4.32,0,1160,500,10
11,8,4.32,0,1160,500,10
11,9,4.62,0,1160,350,10
11,10,4.62,0,1160,350,10
11,11,4.32,0,1160,500,10
11,12,4.52,0,1160,350,10
11,13,4.46,0,1160,430,10
11,14,4.46,0,1160,430,10
11,15,4.62,0,1160,350,10
11,16,4.62,0,1160,350,10
11,17,4.359999999999999,0,1160,430,10
11,18,4.32,0,1160,450,10
11,19,4.62,0,1160,350,10
11,20,4.52,0,1160,400,10
11,21,4.359999999999999,0,1160,350,10
11,22,4.46,0,1160,430,10
11,23,4.359999999999999,0,1160,480,10
11,24,4.52,0,1160,400,10
11,25,4.46,0,1160,430,10
11,26,4.62,0,1160,350,10
11,27,4.359999999999999,0,1160,350,10
11,28,2.8233333333333337,10,1060,300,10
11,29,2.8033333333333337,1,910,430,10
11,30,4.46,0,1160,430,10
11,31,4.62,0,1160,350,10
11,32,4.359999999999999,0,1160,480,10
11,33,4.359999999999999,0,1160,430,10
11,34,4.359999999999999,0,1160,350,10
11,35,4.62,0,1160,350,10
11,36,4.32,0,1160,500,10
11,37,4.32,0,1160,500,10
11,38,4.32,0,1160,500,10
11,39,4.62,0,1160,350,10
11,40,4.62,0,1160,350,10
11,41,2.1366666666666667,11,810,200,10
11,42,4.46,0,1160,430,10
11,43,4.32,0,1160,500,10
11,44,4.359999999999999,0,1160,350,10
11,45,4.46,0,1160,430,10
11,46,4.46,0,1160,430,10
11,47,4.62,0,1160,350,10
11,48,4.359999999999999,0,1160,350,10
11,49,4.42,0,1160,400,10
11,50,4.32,0,1160,500,10
11,51,4.359999999999999,0,1160,480,10
11,52,4.52,0,1160,400,10
11,53,4.52,0,1160,400,10
11,54,4.46,0,1160,430,10
11,55,4.62,0,1160,350,10
11,56,4.62,0,1160,350,10
11,57,4.32,0,1160,500,10
11,58,4.62,0,1160,350,10
11,59,4.32,0,1160,500,10
11,60,4.62,0,1160,350,10
11,61,4.46,0,1160,430,10
11,62,4.46,0,1160,430,10
11,63,4.32,0,1160,500,10
11,64,4.359999999999999,0,1160,480,10
11,65,4.46,0,1160,430,10
11,66,4.62,0,1160,350,10
11,67,4.32,0,1160,500,10
11,68,4.359999999999999,0,1160,350,10
11,69,4.62,0,1160,350,10
11,70,4.32,0,1160,500,10
11,71,4.62,0,1160,350,10
11,72,4.46,0,1160,430,10
11,73,4.62,0,1160,350,10
11,74,4.62,0,1160,350,10
11,75,4.359999999999999,0,1160,480,10
11,76,4.62,0,1160,350,10
11,77,4.359999999999999,0,1160,480,10
11,78,4.46,0,1160,430,10
11,79,4.62,0,1160,350,10
11,80,4.46,0,1160,430,10
11,81,4.62,0,1160,350,10
11,82,4.46,0,1160,430,10
11,83,4.359999999999999,0,1160,350,10
11,84,4.46,0,1160,430,10
11,85,4.32,0,1160,500,10
11,86,4.359999999999999,0,1160,480,10
11,87,4.359999999999999,0,1160,480,10
11,88,4.359999999999999,0,1160,430,10
11,89,4.46,0,1160,430,10
11,90,4.62,0,1160,350,10
11,91,4.62,0,1160,350,10
11,92,4.62,0,1160,350,10
11,93,4.359999999999999,0,1160,480,10
11,94,4.359999999999999,0,1160,350,10
11,95,4.32,0,1160,500,10
11,96,4.359999999999999,0,1160,350,10
11,97,4.46,0,1160,430,10
11,98,4.32,0,1160,400,10
11,99,4.62,0,1160,350,10
12,0,4.359999999999999,0,1160,350,10
12,1,4.359999999999999,0,1160,350,10
12,2,4.62,0,1160,350,10
12,3,4.46,0,1160,430,10
12,4,4.62,0,1160,350,10
12,5,4.46,0,1160,430,10
12,6,4.46,0,1160,430,10
12,7,4.62,0,1160,350,10
12,8,4.359999999999999,0,1160,480,10
12,9,4.46,0,1160,430,10
12,10,4.62,0,1160,350,10
12,11,4.359999999999999,0,1160,350,10
12,12,4.46,0,1160,430,10
12,13,4.359999999999999,0,1160,480,10
12,14,4.359999999999999,0,1160,350,10
12,15,4.32,0,1160,500,10
12,16,4.62,0,1160,350,10
12,17,4.46,0,1160,430,10
12,18,4.359999999999999,0,1160,350,10
12,19,4.62,0,1160,350,10
12,20,4.32,0,1160,500,10
12,21,4.32,0,1160,500,10
12,22,4.62,0,1160,350,10
12,23,3.036666666666667,5,1110,380,10
12,24,4.32,0,1160,500,10
12,25,4.359999999999999,0,1160,350,10
12,26,4.32,0,1160,500,10
12,27,2.85,9,1070,250,10
12,28,4.359999999999999,0,1160,350,10
12,29,4.359999999999999,0,1160,430,10
12,30,4.32,0,1160,500,10
12,31,4.46,0,1160,430,10
12,32,4.359999999999999,0,1160,480,10
12,33,4.46,0,1160,430,10
12,34,4.62,0,1160,350,10
12,35,4.62,0,1160,350,10
12,36,4.42,0,1160,450,10
12,37,4.359999999999999,0,1160,350,10
12,38,4.62,0,1160,350,10
12,39,4.32,0,1160,500,10
12,40,4.62,0,1160,350,10
12,41,4.52,0,1160,350,10
12,42,4.32,0,1160,500,10
12,43,4.62,0,1160,350,10
12,44,4.46,0,1160,430,10
12,45,4.359999999999999,0,1160,480,10
12,46,2.3966666666666665,11,810,200,10
12,47,4.32,0,1160,500,10
12,48,4.62,0,1160,350,10
12,49,4.62,0,1160,350,10
12,50,4.32,0,1160,500,10
12,51,4.32,0,1160,500,10
12,52,4.46,0,1160,430,10
12,53,4.62,0,1160,350,10
12,54,4.46,0,1160,430,10
12,55,4.62,0,1160,350,10
12,56,4.359999999999999,0,1160,430,10
12,57,4.46,0,1160,430,10
12,58,4.32,0,1160,400,10
12,59,4.62,0,1160,350,10
12,60,4.359999999999999,0,1160,430,10
12,61,4.62,0,1160,350,10
12,62,4.32,0,1160,500,10
12,63,4.46,0,1160,430,10
12,64,4.52,0,1160,400,10
12,65,4.359999999999999,0,1160,430,10
12,66,4.46,0,1160,430,10
12,67,4.42,0,1160,450,10
12,68,4.62,0,1160,350,10
12,69,4.62,0,1160,350,10
12,70,4.32,0,1160,500,10
12,71,4.46,0,1160,430,10
12,72,4.32,0,1160,500,10
12,73,4.62,0,1160,350,10
12,74,4.52,0,1160,350,10
12,75,4.42,0,1160,450,10
12,76,4.46,0,1160,430,10
12,77,4.32,0,1160,500,10
12,78,4.359999999999999,0,1160,480,10
12,79,4.359999999999999,0,1160,350,10
12,80,4.32,0,1160,500,10
12,81,4.46,0,1160,430,10
12,82,4.46,0,1160,430,10
12,83,4.32,0,1160,500,10
12,84,2.236666666666667,11,810,280,10
12,85,4.359999999999999,0,1160,350,10
12,86,4.32,0,1160,500,10
12,87,4.62,0,1160,350,10
12,88,4.52,0,1160,350,10
12,89,4.62,0,1160,350,10
12,90,4.62,0,1160,350,10
12,91,4.32,0,1160,450,10
12,92,4.62,0,1160,350,10
12,93,4.359999999999999,0,1160,480,10
12,94,4.62,0,1160,350,10
12,95,4.46,0,1160,430,10
12,96,4.46,0,1160,430,10
12,97,4.46,0,1160,430,10
12,98,4.32,0,1160,500,10
12,99,4.32,0,1160,500,10
13,0,4.359999999999999,0,1160,480,10
13,1,2.2966666666666664,11,810,200,10
13,2,4.46,0,1160,430,10
13,3,4.32,0,1160,500,10
13,4,4.32,0,1160,500,10
13,5,4.46,0,1160,430,10
13,6,4.359999999999999,0,1160,480,10
13,7,4.359999999999999,0,1160,480,10
13,8,4.46,0,1160,430,10
13,9,4.359999999999999,0,1160,480,10
13,10,2.1366666666666667,11,810,200,10
13,11,4.46,0,1160,430,10
13,12,4.359999999999999,0,1160,430,10
13,13,4.359999999999999,0,1160,480,10
13,14,4.46,0,1160,430,10
13,15,4.32,0,1160,500,10
13,16,4.46,0,1160,430,10
13,17,4.359999999999999,0,1160,480,10
13,18,4.359999999999999,0,1160,480,10
13,19,4.32,0,1160,500,10
13,20,4.62,0,1160,350,10
13,21,4.62,0,1160,350,10
13,22,4.32,0,1160,500,10
13,23,4.32,0,1160,500,10
13,24,4.359999999999999,0,1160,350,10
13,25,4.32,0,1160,500,10
13,26,4.52,0,1160,400,10
13,27,4.62,0,1160,350,10
13,28,4.32,0,1160,500,10
13,29,4.46,0,1160,430,10
13,30,4.62,0,1160,350,10
13,31,4.52,0,1160,400,10
13,32,4.52,0,1160,400,10
13,33,4.62,0,1160,350,10
13,34,4.46,0,1160,430,10
13,35,4.32,0,1160,500,10
13,36,4.62,0,1160,350,10
13,37,4.32,0,1160,500,10
13,38,4.46,0,1160,430,10
13,39,4.62,0,1160,350,10
13,40,4.32,0,1160,500,10
13,41,4.359999999999999,0,1160,350,10
13,42,4.32,0,1160,500,10
13,43,4.359999999999999,0,1160,480,10
13,44,4.52,0,1160,400,10
13,45,4.32,0,1160,500,10
13,46,4.32,0,1160,500,10
13,47,4.62,0,1160,350,10
13,48,4.42,0,1160,400,10
13,49,4.32,0,1160,500,10
13,50,4.359999999999999,0,1160,430,10
13,51,4.62,0,1160,350,10
13,52,4.359999999999999,0,1160,430,10
13,53,4.359999999999999,0,1160,350,10
13,54,4.32,0,1160,400,10
13,55,4.42,0,1160,400,10
13,56,4.62,0,1160,350,10
13,57,4.62,0,1160,350,10
13,58,4.52,0,1160,350,10
13,59,4.62,0,1160,350,10
13,60,4.46,0,1160,430,10
13,61,4.32,0,1160,450,10
13,62,4.62,0,1160,350,10
13,63,4.32,0,1160,500,10
13,64,4.359999999999999,0,1160,350,10
13,65,4.46,0,1160,430,10
13,66,4.62,0,1160,350,10
13,67,4.32,0,1160,500,10
13,68,4.52,0,1160,350,10
13,69,4.62,0,1160,350,10
13,70,4.62,0,1160,350,10
13,71,4.62,0,1160,350,10
13,72,4.52,0,1160,400,10
13,73,4.359999999999999,0,1160,480,10
13,74,4.32,0,1160,500,10
13,75,4.46,0,1160,430,10
13,76,4.62,0,1160,350,10
13,77,4.62,0,1160,350,10
13,78,4.359999999999999,0,1160,480,10
13,79,4.62,0,1160,350,10
13,80,4.359999999999999,0,1160,430,10
13,81,4.62,0,1160,350,10
13,82,4.359999999999999,0,1160,430,10
13,83,4.32,0,1160,500,10
13,84,4.46,0,1160,430,10
13,85,4.62,0,1160,350,10
13,86,4.359999999999999,0,1160,480,10
13,87,4.62,0,1160,350,10
13,88,4.359999999999999,0,1160,350,10
13,89,4.62,0,1160,350,10
13,90,4.359999999999999,0,1160,350,10
13,91,2.8633333333333333,1,910,400,10
13,92,4.62,0,1160,350,10
13,93,4.32,0,1160,500,10
13,94,4.52,0,1160,400,10
13,95,4.359999999999999,0,1160,350,10
13,96,4.62,0,1160,350,10
13,97,4.32,0,1160,500,10
13,98,4.32,0,1160,400,10
13,99,4.62,0,1160,350,10
14,0,4.62,0,1160,350,10
14,1,4.359999999999999,0,1160,350,10
14,2,4.46,0,1160,430,10
14,3,4.46,0,1160,430,10
14,4,4.42,0,1160,400,10
14,5,4.32,0,1160,500,10
14,6,4.46,0,1160,430,10
14,7,4.42,0,1160,350,10
14,8,4.359999999999999,0,1160,350,10
14,9,4.32,0,1160,500,10
14,10,4.32,0,1160,500,10
14,11,4.46,0,1160,430,10
14,12,4.32,0,1160,500,10
14,13,4.32,0,1160,500,10
14,14,4.52,0,1160,400,10
14,15,4.359999999999999,0,1160,480,10
14,16,2.1366666666666667,11,810,200,10
14,17,2.5233333333333334,10,1060,450,10
14,18,4.62,0,1160,350,10
14,19,4.46,0,1160,430,10
14,20,4.32,0,1160,500,10
14,21,4.62,0,1160,350,10
14,22,4.62,0,1160,350,10
14,23,4.42,0,1160,350,10
14,24,4.46,0,1160,430,10
14,25,4.359999999999999,0,1160,350,10
14,26,4.32,0,1160,500,10
14,27,4.359999999999999,0,1160,480,10
14,28,4.62,0,1160,350,10
14,29,4.46,0,1160,430,10
14,30,4.42,0,1160,450,10
14,31,4.46,0,1160,430,10
14,32,4.46,0,1160,430,10
14,33,2.59,9,1070,460,10
14,34,4.42,0,1160,400,10
14,35,4.32,0,1160,500,10
14,36,4.359999999999999,0,1160,480,10
14,37,4.62,0,1160,350,10
14,38,4.359999999999999,0,1160,350,10
14,39,4.359999999999999,0,1160,480,10
14,40,4.62,0,1160,350,10
14,41,4.42,0,1160,400,10
14,42,4.62,0,1160,350,10
14,43,4.359999999999999,0,1160,480,10
14,44,4.32,0,1160,500,10
14,45,4.62,0,1160,350,10
14,46,4.62,0,1160,350,10
14,47,4.359999999999999,0,1160,430,10
14,48,4.32,0,1160,500,10
14,49,4.32,0,1160,500,10
14,50,4.46,0,1160,430,10
14,51,4.62,0,1160,350,10
14,52,4.46,0,1160,430,10
14,53,4.32,0,1160,500,10
14,54,4.52,0,1160,400,10
14,55,4.62,0,1160,350,10
14,56,4.62,0,1160,350,10
14,57,4.359999999999999,0,1160,430,10
14,58,4.359999999999999,0,1160,350,10
14,59,4.62,0,1160,350,10
14,60,4.32,0,1160,500,10
14,61,4.52,0,1160,350,10
14,62,4.32,0,1160,500,10
14,63,4.46,0,1160,430,10
14,64,2.1366666666666667,11,810,200,10
14,65,4.359999999999999,0,1160,350,10
14,66,4.62,0,1160,350,10
14,67,4.32,0,1160,500,10
14,68,4.42,0,1160,450,10
14,69,4.62,0,1160,350,10
14,70,4.359999999999999,0,1160,480,10
14,71,4.46,0,1160,430,10
14,72,2.0366666666666666,11,810,380,10
14,73,4.359999999999999,0,1160,430,10
14,74,4.46,0,1160,430,10
14,75,4.32,0,1160,500,10
14,76,4.62,0,1160,350,10
14,77,4.62,0,1160,350,10
14,78,4.46,0,1160,430,10
14,79,4.46,0,1160,430,10
14,80,4.62,0,1160,350,10
14,81,4.359999999999999,0,1160,350,10
14,82,4.46,0,1160,430,10
14,83,4.32,0,1160,500,10
14,84,4.32,0,1160,500,10
14,85,4.32,0,1160,500,10
14,86,4.359999999999999,0,1160,350,10
14,87,2.2966666666666664,11,810,250,10
14,88,4.359999999999999,0,1160,430,10
14,89,4.62,0,1160,350,10
14,90,4.32,0,1160,500,10
14,91,4.62,0,1160,350,10
14,92,4.46,0,1160,430,10
14,93,4.32,0,1160,500,10
14,94,4.46,0,1160,430,10
14,95,4.62,0,1160,350,10
14,96,4.62,0,1160,350,10
14,97,4.32,0,1160,500,10
14,98,4.32,0,1160,500,10
14,99,4.62,0,1160,350,10
